NAMA UNIT,LONGITUDE,LATITUDE,Gamma Dose Rate (nSv/h),LAST UPDATE (WIB)
CTBT Jayapura,140.703889,-2.514485,Out of service,
St.Mteo.Kls.III Tanjung Pinang,104.528402,0.922974,49.2,2026-09-30 10:00
St.Mteo.Kls.I Gorontalo,122.85245,0.638403,28.3,2026-09-30 10:00
St.Mteo.Kls.III Tapanuli Tengah,98.897335,1.553219,21.3,2026-09-30 10:00
St.Mteo.Kls.III Tana Toraja,119.912333,-3.189236,37.6,2026-09-30 10:00
St.Mteo.Kls.III Sintang,111.459424,-0.043007,26.6,2026-09-30 10:00
St.Mteo.Kls.III Bengkulu,102.336618,-3.858194,Out of service,
St.Mteo.Kls.III Cilacap,109.015004,-7.718791,30.0,2026-09-30 10:00
St.Mteo.Kls I Pekanbaru,101.447262,0.45922,32.3,2026-09-30 10:00
St.Geof.Kls.III Banjarnegara,109.709794,-7.333222,21.28,2026-09-30 10:00
St.Mteo.Kls.I.Supadio.Pontianak,109.4,0.15,45.11,2026-09-30 10:00
St.Mteo.Kls.I.Supadio.Pontianak,109.403009,-0.141549,45.53171706334069,2026-09-30 13:00:00
